statename,year,current_value,previous_value,yoy_growth_percent
AK,2001,184934.23,165423.15,11.79%
AK,2002,202347.38,184934.23,9.42%
AK,2003,212729.54,202347.38,5.13%
AK,2004,227259.23,212729.54,6.83%
AK,2005,217800.65,227259.23,-4.16%
AK,2006,235352.74,217800.65,8.06%
AK,2007,248070.23,235352.74,5.4%
AK,2008,252089.48,248070.23,1.62%
AK,2009,250018.26,252089.48,-0.82%
AK,2010,249880.19,250018.26,-0.06%
AK,2011,252210.66,249880.19,0.93%
AK,2012,242181.85,252210.66,-3.98%
AK,2013,249349.4,242181.85,2.96%
AK,2014,254350.32,249349.4,2.01%
AK,2015,264660.6,254350.32,4.05%
AK,2016,268620.26,264660.6,1.5%
AK,2017,271115.43,268620.26,0.93%
AK,2018,277883.59,271115.43,2.5%
AK,2019,294304.93,277883.59,5.91%
AK,2020,307677.2,294304.93,4.54%
AK,2021,326671.21,307677.2,6.17%
AK,2022,348263.86,326671.21,6.61%
AK,2023,346001.9,348263.86,-0.65%
AK,2024,350976.76,346001.9,1.44%
AK,2025,362021.24,350976.76,3.15%
AL,2001,108247.66,98782.31,9.58%
AL,2002,108689.54,108247.66,0.41%
AL,2003,111360.27,108689.54,2.46%
AL,2004,115766.88,111360.27,3.96%
AL,2005,124233.63,115766.88,7.31%
AL,2006,133448.08,124233.63,7.42%
AL,2007,140093.25,133448.08,4.98%
AL,2008,139832.25,140093.25,-0.19%
AL,2009,132821.16,139832.25,-5.01%
AL,2010,126041.73,132821.16,-5.1%
AL,2011,120036.44,126041.73,-4.76%
AL,2012,119318.34,120036.44,-0.6%
AL,2013,125344.21,119318.34,5.05%
AL,2014,129463.5,125344.21,3.29%
AL,2015,130993.83,129463.5,1.18%
AL,2016,134895.73,130993.83,2.98%
AL,2017,138263.14,134895.73,2.5%
AL,2018,143664.88,138263.14,3.91%
AL,2019,150972.47,143664.88,5.09%
AL,2020,162940.45,150972.47,7.93%
AL,2021,184994.12,162940.45,13.53%
AL,2022,206159.8,184994.12,11.44%
AL,2023,207646.2,206159.8,0.72%
AL,2024,211033.41,207646.2,1.63%
AL,2025,213516.05,211033.41,1.18%
AR,2001,92935.41,88479.32,5.04%
AR,2002,95080.11,92935.41,2.31%
AR,2003,98562.99,95080.11,3.66%
AR,2004,104466.4,98562.99,5.99%
AR,2005,112208.25,104466.4,7.41%
AR,2006,120565.29,112208.25,7.45%
AR,2007,124009.62,120565.29,2.86%
AR,2008,123343.48,124009.62,-0.54%
AR,2009,119477.12,123343.48,-3.13%
AR,2010,117219.43,119477.12,-1.89%
AR,2011,114285.58,117219.43,-2.5%
AR,2012,114813.27,114285.58,0.46%
AR,2013,116453.08,114813.27,1.43%
AR,2014,118127.87,116453.08,1.44%
AR,2015,121434.36,118127.87,2.8%
AR,2016,125962.99,121434.36,3.73%
AR,2017,129635.31,125962.99,2.92%
AR,2018,134085.5,129635.31,3.43%
AR,2019,138668.12,134085.5,3.42%
AR,2020,147603.39,138668.12,6.44%
AR,2021,167780.52,147603.39,13.67%
AR,2022,187417.49,167780.52,11.7%
AR,2023,186681.69,187417.49,-0.39%
AR,2024,192734.56,186681.69,3.24%
AR,2025,194992.88,192734.56,1.17%
AZ,2001,151101.98,142191.05,6.27%
AZ,2002,158151.67,151101.98,4.67%
AZ,2003,167232.33,158151.67,5.74%
AZ,2004,183241.04,167232.33,9.57%
AZ,2005,234300.01,183241.04,27.86%
AZ,2006,286550.99,234300.01,22.3%
AZ,2007,282496.8,286550.99,-1.41%
AZ,2008,240011.35,282496.8,-15.04%
AZ,2009,191016.04,240011.35,-20.41%
AZ,2010,172820.59,191016.04,-9.53%
AZ,2011,154886.51,172820.59,-10.38%
AZ,2012,161388.32,154886.51,4.2%
AZ,2013,185162.05,161388.32,14.73%
AZ,2014,203363.0,185162.05,9.83%
AZ,2015,213634.09,203363.0,5.05%
AZ,2016,226825.39,213634.09,6.17%
AZ,2017,239980.62,226825.39,5.8%
AZ,2018,256414.68,239980.62,6.85%
AZ,2019,274731.53,256414.68,7.14%
AZ,2020,299443.82,274731.53,9.0%
AZ,2021,367455.3,299443.82,22.71%
AZ,2022,440410.14,367455.3,19.85%
AZ,2023,429287.22,440410.14,-2.53%
AZ,2024,442853.79,429287.22,3.16%
AZ,2025,440075.81,442853.79,-0.63%
CA,2001,299798.55,266227.78,12.61%
CA,2002,329083.73,299798.55,9.77%
CA,2003,371187.79,329083.73,12.79%
CA,2004,437932.29,371187.79,17.98%
CA,2005,515617.01,437932.29,17.74%
CA,2006,566704.25,515617.01,9.91%
CA,2007,536550.63,566704.25,-5.32%
CA,2008,460025.39,536550.63,-14.26%
CA,2009,385270.77,460025.39,-16.25%
CA,2010,376792.49,385270.77,-2.2%
CA,2011,354093.24,376792.49,-6.02%
CA,2012,351971.46,354093.24,-0.6%
CA,2013,408347.3,351971.46,16.02%
CA,2014,464574.04,408347.3,13.77%
CA,2015,505073.19,464574.04,8.72%
CA,2016,533632.96,505073.19,5.65%
CA,2017,570761.55,533632.96,6.96%
CA,2018,630436.64,570761.55,10.46%
CA,2019,641059.95,630436.64,1.69%
CA,2020,665339.21,641059.95,3.79%
CA,2021,762417.99,665339.21,14.59%
CA,2022,862222.78,762417.99,13.09%
CA,2023,838423.24,862222.78,-2.76%
CA,2024,871051.49,838423.24,3.89%
CA,2025,874529.25,871051.49,0.4%
CO,2001,214173.81,193142.13,10.89%
CO,2002,223871.12,214173.81,4.53%
CO,2003,227503.57,223871.12,1.62%
CO,2004,232511.05,227503.57,2.2%
CO,2005,243057.17,232511.05,4.54%
CO,2006,259212.34,243057.17,6.65%
CO,2007,263782.69,259212.34,1.76%
CO,2008,260168.11,263782.69,-1.37%
CO,2009,243999.59,260168.11,-6.21%
CO,2010,237883.28,243999.59,-2.51%
CO,2011,228393.57,237883.28,-3.99%
CO,2012,231369.37,228393.57,1.3%
CO,2013,246596.72,231369.37,6.58%
CO,2014,263362.9,246596.72,6.8%
CO,2015,286786.28,263362.9,8.89%
CO,2016,309174.94,286786.28,7.81%
CO,2017,333021.17,309174.94,7.71%
CO,2018,358458.6,333021.17,7.64%
CO,2019,379319.67,358458.6,5.82%
CO,2020,403035.2,379319.67,6.25%
CO,2021,476784.26,403035.2,18.3%
CO,2022,551960.58,476784.26,15.77%
CO,2023,542187.46,551960.58,-1.77%
CO,2024,553614.2,542187.46,2.11%
CO,2025,558253.01,553614.2,0.84%
CT,2001,204769.37,187688.17,9.1%
CT,2002,225333.02,204769.37,10.04%
CT,2003,251737.94,225333.02,11.72%
CT,2004,280506.99,251737.94,11.43%
CT,2005,316485.81,280506.99,12.83%
CT,2006,339388.04,316485.81,7.24%
CT,2007,337871.03,339388.04,-0.45%
CT,2008,323481.13,337871.03,-4.26%
CT,2009,301028.5,323481.13,-6.94%
CT,2010,288306.7,301028.5,-4.23%
CT,2011,274383.97,288306.7,-4.83%
CT,2012,290232.2,274383.97,5.78%
CT,2013,295529.45,290232.2,1.83%
CT,2014,304541.4,295529.45,3.05%
CT,2015,307997.34,304541.4,1.13%
CT,2016,311482.69,307997.34,1.13%
CT,2017,317549.35,311482.69,1.95%
CT,2018,322756.08,317549.35,1.64%
CT,2019,322799.09,322756.08,0.01%
CT,2020,331777.09,322799.09,2.78%
CT,2021,388589.14,331777.09,17.12%
CT,2022,436624.92,388589.14,12.36%
CT,2023,466086.0,436624.92,6.75%
CT,2024,507564.34,466086.0,8.9%
CT,2025,525414.36,507564.34,3.52%
DC,2001,217155.81,194147.05,11.85%
DC,2002,254337.95,217155.81,17.12%
DC,2003,297050.29,254337.95,16.79%
DC,2004,345744.14,297050.29,16.39%
DC,2005,412206.24,345744.14,19.22%
DC,2006,455042.67,412206.24,10.39%
DC,2007,456383.05,455042.67,0.29%
DC,2008,449474.48,456383.05,-1.51%
DC,2009,429508.29,449474.48,-4.44%
DC,2010,427942.0,429508.29,-0.36%
DC,2011,424018.95,427942.0,-0.92%
DC,2012,417512.55,424018.95,-1.53%
DC,2013,456427.0,417512.55,9.32%
DC,2014,494886.5,456427.0,8.43%
DC,2015,517074.36,494886.5,4.48%
DC,2016,539871.18,517074.36,4.41%
DC,2017,560282.27,539871.18,3.78%
DC,2018,583672.77,560282.27,4.17%
DC,2019,598579.73,583672.77,2.55%
DC,2020,623925.64,598579.73,4.23%
DC,2021,663851.59,623925.64,6.4%
DC,2022,683560.05,663851.59,2.97%
DC,2023,667773.18,683560.05,-2.31%
DC,2024,659535.64,667773.18,-1.23%
DC,2025,652343.68,659535.64,-1.09%
DE,2001,171304.79,155481.93,10.18%
DE,2002,186604.3,171304.79,8.93%
DE,2003,209997.07,186604.3,12.54%
DE,2004,241883.81,209997.07,15.18%
DE,2005,280558.88,241883.81,15.99%
DE,2006,315065.72,280558.88,12.3%
DE,2007,320792.23,315065.72,1.82%
DE,2008,304324.5,320792.23,-5.13%
DE,2009,272605.88,304324.5,-10.42%
DE,2010,259238.18,272605.88,-4.9%
DE,2011,235246.88,259238.18,-9.25%
DE,2012,226187.79,235246.88,-3.85%
DE,2013,229632.02,226187.79,1.52%
DE,2014,242054.58,229632.02,5.41%
DE,2015,252958.65,242054.58,4.5%
DE,2016,267006.62,252958.65,5.55%
DE,2017,277562.59,267006.62,3.95%
DE,2018,283208.37,277562.59,2.03%
DE,2019,291491.93,283208.37,2.92%
DE,2020,304277.63,291491.93,4.39%
DE,2021,354443.32,304277.63,16.49%
DE,2022,400156.19,354443.32,12.9%
DE,2023,410736.03,400156.19,2.64%
DE,2024,421256.22,410736.03,2.56%
DE,2025,427910.68,421256.22,1.58%
FL,2001,134642.86,123818.17,8.74%
FL,2002,148160.65,134642.86,10.04%
FL,2003,164952.42,148160.65,11.33%
FL,2004,182663.45,164952.42,10.74%
FL,2005,225521.41,182663.45,23.46%
FL,2006,271182.41,225521.41,20.25%
FL,2007,263519.46,271182.41,-2.83%
FL,2008,221538.1,263519.46,-15.93%
FL,2009,179266.87,221538.1,-19.08%
FL,2010,163840.93,179266.87,-8.61%
FL,2011,150273.15,163840.93,-8.28%
FL,2012,149421.38,150273.15,-0.57%
FL,2013,165281.07,149421.38,10.61%
FL,2014,183786.83,165281.07,11.2%
FL,2015,199124.09,183786.83,8.35%
FL,2016,218275.32,199124.09,9.62%
FL,2017,232354.16,218275.32,6.45%
FL,2018,247494.11,232354.16,6.52%
FL,2019,259097.84,247494.11,4.69%
FL,2020,275475.64,259097.84,6.32%
FL,2021,323369.38,275475.64,17.39%
FL,2022,406920.03,323369.38,25.84%
FL,2023,423591.98,406920.03,4.1%
FL,2024,432759.21,423591.98,2.16%
FL,2025,422456.48,432759.21,-2.38%
GA,2001,129593.78,120663.09,7.4%
GA,2002,135071.67,129593.78,4.23%
GA,2003,138783.61,135071.67,2.75%
GA,2004,143501.5,138783.61,3.4%
GA,2005,149706.78,143501.5,4.32%
GA,2006,157809.18,149706.78,5.41%
GA,2007,163137.99,157809.18,3.38%
GA,2008,163644.7,163137.99,0.31%
GA,2009,149464.46,163644.7,-8.67%
GA,2010,138755.92,149464.46,-7.16%
GA,2011,127672.06,138755.92,-7.99%
GA,2012,124967.83,127672.06,-2.12%
GA,2013,132913.65,124967.83,6.36%
GA,2014,141484.26,132913.65,6.45%
GA,2015,149186.56,141484.26,5.44%
GA,2016,157090.66,149186.56,5.3%
GA,2017,163780.92,157090.66,4.26%
GA,2018,175706.12,163780.92,7.28%
GA,2019,186854.66,175706.12,6.34%
GA,2020,199439.08,186854.66,6.73%
GA,2021,230745.65,199439.08,15.7%
GA,2022,265576.04,230745.65,15.09%
GA,2023,273335.36,265576.04,2.92%
GA,2024,287007.04,273335.36,5.0%
GA,2025,287161.22,287007.04,0.05%
HI,2001,241244.52,225796.38,6.84%
HI,2002,260196.67,241244.52,7.86%
HI,2003,298098.9,260196.67,14.57%
HI,2004,363519.23,298098.9,21.95%
HI,2005,459367.02,363519.23,26.37%
HI,2006,544501.65,459367.02,18.53%
HI,2007,558625.73,544501.65,2.59%
HI,2008,547713.19,558625.73,-1.95%
HI,2009,494787.23,547713.19,-9.66%
HI,2010,477691.23,494787.23,-3.46%
HI,2011,477728.08,477691.23,0.01%
HI,2012,471029.48,477728.08,-1.4%
HI,2013,504779.29,471029.48,7.17%
HI,2014,554017.62,504779.29,9.75%
HI,2015,541952.52,554017.62,-2.18%
HI,2016,568099.74,541952.52,4.82%
HI,2017,599149.15,568099.74,5.47%
HI,2018,590666.04,599149.15,-1.42%
HI,2019,614029.55,590666.04,3.96%
HI,2020,634880.3,614029.55,3.4%
HI,2021,723625.97,634880.3,13.98%
HI,2022,865708.35,723625.97,19.63%
HI,2023,868113.83,865708.35,0.28%
HI,2024,888330.55,868113.83,2.33%
HI,2025,881742.67,888330.55,-0.74%
IA,2001,114816.73,108263.65,6.05%
IA,2002,118663.71,114816.73,3.35%
IA,2003,123527.74,118663.71,4.1%
IA,2004,131168.96,123527.74,6.19%
IA,2005,135212.73,131168.96,3.08%
IA,2006,142027.5,135212.73,5.04%
IA,2007,142141.11,142027.5,0.08%
IA,2008,142377.54,142141.11,0.17%
IA,2009,129176.5,142377.54,-9.27%
IA,2010,127763.93,129176.5,-1.09%
IA,2011,126349.91,127763.93,-1.11%
IA,2012,128769.12,126349.91,1.91%
IA,2013,134700.1,128769.12,4.61%
IA,2014,139942.1,134700.1,3.89%
IA,2015,144826.37,139942.1,3.49%
IA,2016,145377.49,144826.37,0.38%
IA,2017,148073.65,145377.49,1.85%
IA,2018,153436.64,148073.65,3.62%
IA,2019,157113.04,153436.64,2.4%
IA,2020,165889.83,157113.04,5.59%
IA,2021,182504.44,165889.83,10.02%
IA,2022,197128.44,182504.44,8.01%
IA,2023,202717.9,197128.44,2.84%
IA,2024,210805.49,202717.9,3.99%
IA,2025,218222.01,210805.49,3.52%
ID,2001,142763.54,104291.38,36.89%
ID,2002,145997.04,142763.54,2.26%
ID,2003,149132.96,145997.04,2.15%
ID,2004,152218.42,149132.96,2.07%
ID,2005,158291.56,152218.42,3.99%
ID,2006,176674.28,158291.56,11.61%
ID,2007,209066.75,176674.28,18.33%
ID,2008,208651.21,209066.75,-0.2%
ID,2009,190581.46,208651.21,-8.66%
ID,2010,175059.88,190581.46,-8.14%
ID,2011,159154.79,175059.88,-9.09%
ID,2012,160130.59,159154.79,0.61%
ID,2013,172885.66,160130.59,7.97%
ID,2014,183859.18,172885.66,6.35%
ID,2015,191084.32,183859.18,3.93%
ID,2016,203182.55,191084.32,6.33%
ID,2017,221079.93,203182.55,8.81%
ID,2018,241562.08,221079.93,9.26%
ID,2019,264680.1,241562.08,9.57%
ID,2020,299356.13,264680.1,13.1%
ID,2021,397689.1,299356.13,32.85%
ID,2022,470099.01,397689.1,18.21%
ID,2023,449731.14,470099.01,-4.33%
ID,2024,458470.71,449731.14,1.94%
ID,2025,467309.05,458470.71,1.93%
IL,2001,177397.36,164490.48,7.85%
IL,2002,186973.46,177397.36,5.4%
IL,2003,197283.01,186973.46,5.51%
IL,2004,208604.03,197283.01,5.74%
IL,2005,224345.25,208604.03,7.55%
IL,2006,231824.14,224345.25,3.33%
IL,2007,234232.65,231824.14,1.04%
IL,2008,221547.53,234232.65,-5.42%
IL,2009,185376.62,221547.53,-16.33%
IL,2010,175288.79,185376.62,-5.44%
IL,2011,163514.89,175288.79,-6.72%
IL,2012,152182.29,163514.89,-6.93%
IL,2013,156415.01,152182.29,2.78%
IL,2014,165082.82,156415.01,5.54%
IL,2015,167927.41,165082.82,1.72%
IL,2016,167760.46,167927.41,-0.1%
IL,2017,170168.43,167760.46,1.44%
IL,2018,174222.0,170168.43,2.38%
IL,2019,177261.19,174222.0,1.74%
IL,2020,183586.86,177261.19,3.57%
IL,2021,196976.39,183586.86,7.29%
IL,2022,211343.85,196976.39,7.29%
IL,2023,214563.58,211343.85,1.52%
IL,2024,224187.1,214563.58,4.49%
IL,2025,231678.29,224187.1,3.34%
IN,2001,103352.77,93394.64,10.66%
IN,2002,103882.58,103352.77,0.51%
IN,2003,116434.07,103882.58,12.08%
IN,2004,119084.89,116434.07,2.28%
IN,2005,124793.38,119084.89,4.79%
IN,2006,127118.37,124793.38,1.86%
IN,2007,128070.92,127118.37,0.75%
IN,2008,127525.53,128070.92,-0.43%
IN,2009,116832.29,127525.53,-8.39%
IN,2010,114855.05,116832.29,-1.69%
IN,2011,111865.01,114855.05,-2.6%
IN,2012,109087.75,111865.01,-2.48%
IN,2013,110911.02,109087.75,1.67%
IN,2014,114489.24,110911.02,3.23%
IN,2015,119216.9,114489.24,4.13%
IN,2016,124689.8,119216.9,4.59%
IN,2017,130846.99,124689.8,4.94%
IN,2018,139551.64,130846.99,6.65%
IN,2019,148777.18,139551.64,6.61%
IN,2020,160447.71,148777.18,7.84%
IN,2021,185201.03,160447.71,15.43%
IN,2022,208979.48,185201.03,12.84%
IN,2023,216871.64,208979.48,3.78%
IN,2024,228824.3,216871.64,5.51%
IN,2025,237749.38,228824.3,3.9%
KS,2001,166609.6,96799.95,72.12%
KS,2002,145674.31,166609.6,-12.57%
KS,2003,148709.79,145674.31,2.08%
KS,2004,148445.16,148709.79,-0.18%
KS,2005,150671.14,148445.16,1.5%
KS,2006,150365.71,150671.14,-0.2%
KS,2007,154779.81,150365.71,2.94%
KS,2008,156780.59,154779.81,1.29%
KS,2009,144961.28,156780.59,-7.54%
KS,2010,139786.05,144961.28,-3.57%
KS,2011,130415.97,139786.05,-6.7%
KS,2012,120974.34,130415.97,-7.24%
KS,2013,124372.07,120974.34,2.81%
KS,2014,127437.94,124372.07,2.47%
KS,2015,133045.78,127437.94,4.4%
KS,2016,115638.26,133045.78,-13.08%
KS,2017,118925.08,115638.26,2.84%
KS,2018,123719.63,118925.08,4.03%
KS,2019,130291.71,123719.63,5.31%
KS,2020,142400.88,130291.71,9.29%
KS,2021,160646.01,142400.88,12.81%
KS,2022,181205.71,160646.01,12.8%
KS,2023,187615.61,181205.71,3.54%
KS,2024,197531.56,187615.61,5.29%
KS,2025,204031.97,197531.56,3.29%
KY,2001,95752.32,91024.84,5.19%
KY,2002,99117.89,95752.32,3.51%
KY,2003,100445.93,99117.89,1.34%
KY,2004,103793.49,100445.93,3.33%
KY,2005,107469.25,103793.49,3.54%
KY,2006,109946.56,107469.25,2.31%
KY,2007,112542.91,109946.56,2.36%
KY,2008,112885.38,112542.91,0.3%
KY,2009,109060.66,112885.38,-3.39%
KY,2010,106605.99,109060.66,-2.25%
KY,2011,102346.64,106605.99,-4.0%
KY,2012,101314.61,102346.64,-1.01%
KY,2013,102163.77,101314.61,0.84%
KY,2014,104267.43,102163.77,2.06%
KY,2015,104463.6,104267.43,0.19%
KY,2016,102370.76,104463.6,-2.0%
KY,2017,106892.1,102370.76,4.42%
KY,2018,111257.37,106892.1,4.08%
KY,2019,114962.44,111257.37,3.33%
KY,2020,123735.77,114962.44,7.63%
KY,2021,140756.54,123735.77,13.76%
KY,2022,157494.15,140756.54,11.89%
KY,2023,162520.02,157494.15,3.19%
KY,2024,168343.84,162520.02,3.58%
KY,2025,178188.75,168343.84,5.85%
LA,2001,137672.1,129421.61,6.37%
LA,2002,142678.61,137672.1,3.64%
LA,2003,151478.4,142678.61,6.17%
LA,2004,158453.34,151478.4,4.6%
LA,2005,169988.68,158453.34,7.28%
LA,2006,183561.98,169988.68,7.98%
LA,2007,182351.89,183561.98,-0.66%
LA,2008,181053.99,182351.89,-0.71%
LA,2009,167610.82,181053.99,-7.42%
LA,2010,162632.34,167610.82,-2.97%
LA,2011,157871.28,162632.34,-2.93%
LA,2012,156187.81,157871.28,-1.07%
LA,2013,161160.64,156187.81,3.18%
LA,2014,164894.75,161160.64,2.32%
LA,2015,173610.83,164894.75,5.29%
LA,2016,178808.04,173610.83,2.99%
LA,2017,176116.06,178808.04,-1.51%
LA,2018,177806.03,176116.06,0.96%
LA,2019,183676.35,177806.03,3.3%
LA,2020,193523.81,183676.35,5.36%
LA,2021,200670.02,193523.81,3.69%
LA,2022,207961.32,200670.02,3.63%
LA,2023,200731.8,207961.32,-3.48%
LA,2024,194539.79,200731.8,-3.08%
LA,2025,194342.69,194539.79,-0.1%
MA,2001,258735.3,224791.64,15.1%
MA,2002,290417.52,258735.3,12.25%
MA,2003,325965.77,290417.52,12.24%
MA,2004,357874.44,325965.77,9.79%
MA,2005,389205.02,357874.44,8.75%
MA,2006,392954.26,389205.02,0.96%
MA,2007,378486.35,392954.26,-3.68%
MA,2008,361392.51,378486.35,-4.52%
MA,2009,340663.79,361392.51,-5.74%
MA,2010,341787.5,340663.79,0.33%
MA,2011,331906.97,341787.5,-2.89%
MA,2012,326167.92,331906.97,-1.73%
MA,2013,348548.62,326167.92,6.86%
MA,2014,371676.57,348548.62,6.64%
MA,2015,389690.09,371676.57,4.85%
MA,2016,410640.66,389690.09,5.38%
MA,2017,433861.34,410640.66,5.65%
MA,2018,458885.26,433861.34,5.77%
MA,2019,471024.14,458885.26,2.65%
MA,2020,489249.94,471024.14,3.87%
MA,2021,556972.73,489249.94,13.84%
MA,2022,619785.94,556972.73,11.28%
MA,2023,642826.83,619785.94,3.72%
MA,2024,686298.02,642826.83,6.76%
MA,2025,701608.33,686298.02,2.23%
MD,2001,192135.58,178950.48,7.37%
MD,2002,212030.93,192135.58,10.35%
MD,2003,241180.54,212030.93,13.75%
MD,2004,281756.74,241180.54,16.82%
MD,2005,338788.85,281756.74,20.24%
MD,2006,386065.53,338788.85,13.95%
MD,2007,390484.43,386065.53,1.14%
MD,2008,361353.44,390484.43,-7.46%
MD,2009,321043.95,361353.44,-11.16%
MD,2010,306277.95,321043.95,-4.6%
MD,2011,291861.53,306277.95,-4.71%
MD,2012,286255.62,291861.53,-1.92%
MD,2013,298041.98,286255.62,4.12%
MD,2014,311544.03,298041.98,4.53%
MD,2015,317107.14,311544.03,1.79%
MD,2016,322978.84,317107.14,1.85%
MD,2017,332073.01,322978.84,2.82%
MD,2018,343271.04,332073.01,3.37%
MD,2019,354186.7,343271.04,3.18%
MD,2020,369309.32,354186.7,4.27%
MD,2021,417354.97,369309.32,13.01%
MD,2022,445307.12,417354.97,6.7%
MD,2023,453800.97,445307.12,1.91%
MD,2024,472253.53,453800.97,4.07%
MD,2025,483199.6,472253.53,2.32%
ME,2001,139798.2,127072.5,10.01%
ME,2002,154198.24,139798.2,10.3%
ME,2003,172141.11,154198.24,11.64%
ME,2004,193811.9,172141.11,12.59%
ME,2005,213035.29,193811.9,9.92%
ME,2006,219541.91,213035.29,3.05%
ME,2007,218628.53,219541.91,-0.42%
ME,2008,215423.35,218628.53,-1.47%
ME,2009,202344.86,215423.35,-6.07%
ME,2010,194014.22,202344.86,-4.12%
ME,2011,185520.64,194014.22,-4.38%
ME,2012,177894.13,185520.64,-4.11%
ME,2013,179307.0,177894.13,0.79%
ME,2014,183269.61,179307.0,2.21%
ME,2015,183481.22,183269.61,0.12%
ME,2016,189879.87,183481.22,3.49%
ME,2017,200313.54,189879.87,5.49%
ME,2018,211995.7,200313.54,5.83%
ME,2019,218508.03,211995.7,3.07%
ME,2020,239958.62,218508.03,9.82%
ME,2021,292328.07,239958.62,21.82%
ME,2022,337466.1,292328.07,15.44%
ME,2023,351562.05,337466.1,4.18%
ME,2024,369828.05,351562.05,5.2%
ME,2025,374871.56,369828.05,1.36%
MI,2001,141942.74,133628.44,6.22%
MI,2002,148253.21,141942.74,4.45%
MI,2003,150873.04,148253.21,1.77%
MI,2004,157058.66,150873.04,4.1%
MI,2005,163021.89,157058.66,3.8%
MI,2006,164972.9,163021.89,1.2%
MI,2007,157066.56,164972.9,-4.79%
MI,2008,145388.73,157066.56,-7.43%
MI,2009,127654.83,145388.73,-12.2%
MI,2010,120486.04,127654.83,-5.62%
MI,2011,115713.4,120486.04,-3.96%
MI,2012,115574.22,115713.4,-0.12%
MI,2013,125438.91,115574.22,8.54%
MI,2014,135886.51,125438.91,8.33%
MI,2015,143659.85,135886.51,5.72%
MI,2016,151327.51,143659.85,5.34%
MI,2017,159679.57,151327.51,5.52%
MI,2018,170740.8,159679.57,6.93%
MI,2019,180677.9,170740.8,5.82%
MI,2020,192760.54,180677.9,6.69%
MI,2021,221630.65,192760.54,14.98%
MI,2022,244521.26,221630.65,10.33%
MI,2023,250636.73,244521.26,2.5%
MI,2024,261078.03,250636.73,4.17%
MI,2025,268318.16,261078.03,2.77%
MN,2001,168104.06,150723.37,11.53%
MN,2002,185555.06,168104.06,10.38%
MN,2003,199562.68,185555.06,7.55%
MN,2004,205161.98,199562.68,2.81%
MN,2005,214407.36,205161.98,4.51%
MN,2006,219722.58,214407.36,2.48%
MN,2007,216261.0,219722.58,-1.58%
MN,2008,202857.49,216261.0,-6.2%
MN,2009,178051.5,202857.49,-12.23%
MN,2010,171420.73,178051.5,-3.72%
MN,2011,160141.88,171420.73,-6.58%
MN,2012,155593.64,160141.88,-2.84%
MN,2013,164653.92,155593.64,5.82%
MN,2014,174201.55,164653.92,5.8%
MN,2015,181448.57,174201.55,4.16%
MN,2016,190264.68,181448.57,4.86%
MN,2017,200529.67,190264.68,5.4%
MN,2018,210728.71,200529.67,5.09%
MN,2019,220395.55,210728.71,4.59%
MN,2020,232704.31,220395.55,5.58%
MN,2021,261901.88,232704.31,12.55%
MN,2022,288072.49,261901.88,9.99%
MN,2023,293523.84,288072.49,1.89%
MN,2024,301523.13,293523.84,2.73%
MN,2025,310039.12,301523.13,2.82%
MO,2001,137434.59,125729.57,9.31%
MO,2002,145852.31,137434.59,6.12%
MO,2003,153316.58,145852.31,5.12%
MO,2004,159337.46,153316.58,3.93%
MO,2005,165525.66,159337.46,3.88%
MO,2006,171906.72,165525.66,3.86%
MO,2007,170229.85,171906.72,-0.98%
MO,2008,163192.72,170229.85,-4.13%
MO,2009,145855.84,163192.72,-10.62%
MO,2010,141467.54,145855.84,-3.01%
MO,2011,132969.5,141467.54,-6.01%
MO,2012,124988.76,132969.5,-6.0%
MO,2013,128181.45,124988.76,2.55%
MO,2014,132564.66,128181.45,3.42%
MO,2015,138757.51,132564.66,4.67%
MO,2016,141487.85,138757.51,1.97%
MO,2017,147221.24,141487.85,4.05%
MO,2018,154945.19,147221.24,5.25%
MO,2019,163092.72,154945.19,5.26%
MO,2020,174323.23,163092.72,6.89%
MO,2021,200847.85,174323.23,15.22%
MO,2022,227176.32,200847.85,13.11%
MO,2023,231710.55,227176.32,2.0%
MO,2024,240582.02,231710.55,3.83%
MO,2025,248156.81,240582.02,3.15%
MS,2004,93757.0,91518.5,2.45%
MS,2005,99410.5,93757.0,6.03%
MS,2006,107391.5,99410.5,8.03%
MS,2007,111244.0,107391.5,3.59%
MS,2008,89788.88,111244.0,-19.29%
MS,2009,115774.62,89788.88,28.94%
MS,2010,123644.13,115774.62,6.8%
MS,2011,117566.88,123644.13,-4.92%
MS,2012,112742.82,117566.88,-4.1%
MS,2013,112992.15,112742.82,0.22%
MS,2014,116119.34,112992.15,2.77%
MS,2015,123996.6,116119.34,6.78%
MS,2016,125636.89,123996.6,1.32%
MS,2017,128485.4,125636.89,2.27%
MS,2018,131144.67,128485.4,2.07%
MS,2019,134697.27,131144.67,2.71%
MS,2020,141029.41,134697.27,4.7%
MS,2021,154695.19,141029.41,9.69%
MS,2022,166642.56,154695.19,7.72%
MS,2023,159054.04,166642.56,-4.55%
MS,2024,158718.55,159054.04,-0.21%
MS,2025,162263.52,158718.55,2.23%
MT,2006,218285.07,207343.07,5.28%
MT,2007,216347.2,218285.07,-0.89%
MT,2008,221314.35,216347.2,2.3%
MT,2009,226074.58,221314.35,2.15%
MT,2010,216017.4,226074.58,-4.45%
MT,2011,207543.34,216017.4,-3.92%
MT,2012,202168.35,207543.34,-2.59%
MT,2013,206087.84,202168.35,1.94%
MT,2014,212935.59,206087.84,3.32%
MT,2015,222894.24,212935.59,4.68%
MT,2016,208884.62,222894.24,-6.29%
MT,2017,219376.18,208884.62,5.02%
MT,2018,234247.07,219376.18,6.78%
MT,2019,242703.34,234247.07,3.61%
MT,2020,262890.37,242703.34,8.32%
MT,2021,333315.09,262890.37,26.79%
MT,2022,407016.76,333315.09,22.11%
MT,2023,400080.67,407016.76,-1.7%
MT,2024,421364.91,400080.67,5.32%
MT,2025,435506.81,421364.91,3.36%
NC,2001,130725.91,124237.35,5.22%
NC,2002,134096.56,130725.91,2.58%
NC,2003,139148.45,134096.56,3.77%
NC,2004,143440.22,139148.45,3.08%
NC,2005,152219.95,143440.22,6.12%
NC,2006,164353.34,152219.95,7.97%
NC,2007,176540.87,164353.34,7.42%
NC,2008,178139.72,176540.87,0.91%
NC,2009,168590.58,178139.72,-5.36%
NC,2010,161219.59,168590.58,-4.37%
NC,2011,153821.87,161219.59,-4.59%
NC,2012,150173.91,153821.87,-2.37%
NC,2013,152878.53,150173.91,1.8%
NC,2014,157804.23,152878.53,3.22%
NC,2015,162969.41,157804.23,3.27%
NC,2016,169369.31,162969.41,3.93%
NC,2017,177604.46,169369.31,4.86%
NC,2018,186855.93,177604.46,5.21%
NC,2019,195500.42,186855.93,4.63%
NC,2020,209451.94,195500.42,7.14%
NC,2021,247781.09,209451.94,18.3%
NC,2022,289497.7,247781.09,16.84%
NC,2023,300247.92,289497.7,3.71%
NC,2024,313728.58,300247.92,4.49%
NC,2025,316862.65,313728.58,1.0%
ND,2010,174307.12,175569.96,-0.72%
ND,2011,174237.58,174307.12,-0.04%
ND,2012,174203.54,174237.58,-0.02%
ND,2013,198136.86,174203.54,13.74%
ND,2014,211336.44,198136.86,6.66%
ND,2015,225443.16,211336.44,6.68%
ND,2016,223456.83,225443.16,-0.88%
ND,2017,214549.19,223456.83,-3.99%
ND,2018,209491.57,214549.19,-2.36%
ND,2019,209393.76,209491.57,-0.05%
ND,2020,215911.2,209393.76,3.11%
ND,2021,229441.13,215911.2,6.27%
ND,2022,244602.27,229441.13,6.61%
ND,2023,239886.78,244602.27,-1.93%
ND,2024,239167.72,239886.78,-0.3%
ND,2025,247256.63,239167.72,3.38%
NE,2001,135833.01,133943.65,1.41%
NE,2002,135127.96,135833.01,-0.52%
NE,2003,138911.8,135127.96,2.8%
NE,2004,145324.3,138911.8,4.62%
NE,2005,151717.41,145324.3,4.4%
NE,2006,151924.62,151717.41,0.14%
NE,2007,152410.7,151924.62,0.32%
NE,2008,148375.49,152410.7,-2.65%
NE,2009,140198.55,148375.49,-5.51%
NE,2010,139555.62,140198.55,-0.46%
NE,2011,134527.94,139555.62,-3.6%
NE,2012,133229.18,134527.94,-0.97%
NE,2013,137726.6,133229.18,3.38%
NE,2014,143438.98,137726.6,4.15%
NE,2015,149298.84,143438.98,4.09%
NE,2016,142007.59,149298.84,-4.88%
NE,2017,148512.37,142007.59,4.58%
NE,2018,158132.14,148512.37,6.48%
NE,2019,167633.33,158132.14,6.01%
NE,2020,179564.31,167633.33,7.12%
NE,2021,202803.71,179564.31,12.94%
NE,2022,224869.4,202803.71,10.88%
NE,2023,232948.92,224869.4,3.59%
NE,2024,242111.21,232948.92,3.93%
NE,2025,250067.03,242111.21,3.29%
NH,2001,162719.57,143741.09,13.2%
NH,2002,182096.03,162719.57,11.91%
NH,2003,204183.83,182096.03,12.13%
NH,2004,227269.3,204183.83,11.31%
NH,2005,251637.08,227269.3,10.72%
NH,2006,263090.77,251637.08,4.55%
NH,2007,258558.14,263090.77,-1.72%
NH,2008,247083.32,258558.14,-4.44%
NH,2009,231188.78,247083.32,-6.43%
NH,2010,224038.34,231188.78,-3.09%
NH,2011,218734.06,224038.34,-2.37%
NH,2012,212722.96,218734.06,-2.75%
NH,2013,217776.87,212722.96,2.38%
NH,2014,224572.11,217776.87,3.12%
NH,2015,233216.29,224572.11,3.85%
NH,2016,239171.92,233216.29,2.55%
NH,2017,252474.89,239171.92,5.56%
NH,2018,269066.65,252474.89,6.57%
NH,2019,279453.56,269066.65,3.86%
NH,2020,301257.64,279453.56,7.8%
NH,2021,364240.93,301257.64,20.91%
NH,2022,433167.36,364240.93,18.92%
NH,2023,461449.65,433167.36,6.53%
NH,2024,496298.29,461449.65,7.55%
NH,2025,511277.17,496298.29,3.02%
NJ,2001,234367.31,210402.14,11.39%
NJ,2002,262777.49,234367.31,12.12%
NJ,2003,301269.98,262777.49,14.65%
NJ,2004,341764.98,301269.98,13.44%
NJ,2005,393051.74,341764.98,15.01%
NJ,2006,432749.26,393051.74,10.1%
NJ,2007,428785.67,432749.26,-0.92%
NJ,2008,403525.22,428785.67,-5.89%
NJ,2009,373588.85,403525.22,-7.42%
NJ,2010,361532.69,373588.85,-3.23%
NJ,2011,341856.97,361532.69,-5.44%
NJ,2012,331662.3,341856.97,-2.98%
NJ,2013,345197.48,331662.3,4.08%
NJ,2014,362435.13,345197.48,4.99%
NJ,2015,371123.09,362435.13,2.4%
NJ,2016,382127.99,371123.09,2.97%
NJ,2017,392615.64,382127.99,2.74%
NJ,2018,405352.16,392615.64,3.24%
NJ,2019,416344.43,405352.16,2.71%
NJ,2020,434520.38,416344.43,4.37%
NJ,2021,495828.76,434520.38,14.11%
NJ,2022,551082.16,495828.76,11.14%
NJ,2023,579630.08,551082.16,5.18%
NJ,2024,628794.71,579630.08,8.48%
NJ,2025,652990.0,628794.71,3.85%
NM,2003,171666.79,162727.66,5.49%
NM,2004,183005.64,171666.79,6.61%
NM,2005,198690.93,183005.64,8.57%
NM,2006,223299.17,198690.93,12.39%
NM,2007,242243.4,223299.17,8.48%
NM,2008,242397.38,242243.4,0.06%
NM,2009,220531.55,242397.38,-9.02%
NM,2010,206863.62,220531.55,-6.2%
NM,2011,195294.21,206863.62,-5.59%
NM,2012,191598.8,195294.21,-1.89%
NM,2013,193473.15,191598.8,0.98%
NM,2014,195286.4,193473.15,0.94%
NM,2015,199252.45,195286.4,2.03%
NM,2016,193223.47,199252.45,-3.03%
NM,2017,196323.93,193223.47,1.6%
NM,2018,204989.96,196323.93,4.41%
NM,2019,214473.63,204989.96,4.63%
NM,2020,232293.08,214473.63,8.31%
NM,2021,262492.49,232293.08,13.0%
NM,2022,291725.03,262492.49,11.14%
NM,2023,297008.96,291725.03,1.81%
NM,2024,303850.79,297008.96,2.3%
NM,2025,307950.6,303850.79,1.35%
NV,2001,203419.73,189040.11,7.61%
NV,2002,220641.69,203419.73,8.47%
NV,2003,243129.69,220641.69,10.19%
NV,2004,302286.4,243129.69,24.33%
NV,2005,384398.33,302286.4,27.16%
NV,2006,414696.82,384398.33,7.88%
NV,2007,391268.41,414696.82,-5.65%
NV,2008,319350.39,391268.41,-18.38%
NV,2009,229666.11,319350.39,-28.08%
NV,2010,198055.34,229666.11,-13.76%
NV,2011,177901.26,198055.34,-10.18%
NV,2012,173482.6,177901.26,-2.48%
NV,2013,196716.87,173482.6,13.39%
NV,2014,227631.91,196716.87,15.72%
NV,2015,247233.64,227631.91,8.61%
NV,2016,265627.79,247233.64,7.44%
NV,2017,286320.32,265627.79,7.79%
NV,2018,317158.23,286320.32,10.77%
NV,2019,340911.56,317158.23,7.49%
NV,2020,357928.22,340911.56,4.99%
NV,2021,429041.41,357928.22,19.87%
NV,2022,504700.2,429041.41,17.63%
NV,2023,474553.29,504700.2,-5.97%
NV,2024,491629.45,474553.29,3.6%
NV,2025,499533.56,491629.45,1.61%
NY,2001,163962.81,146896.9,11.62%
NY,2002,182743.84,163962.81,11.45%
NY,2003,204423.41,182743.84,11.86%
NY,2004,226484.45,204423.41,10.79%
NY,2005,257097.57,226484.45,13.52%
NY,2006,283197.53,257097.57,10.15%
NY,2007,285819.2,283197.53,0.93%
NY,2008,281910.83,285819.2,-1.37%
NY,2009,264452.72,281910.83,-6.19%
NY,2010,258583.3,264452.72,-2.22%
NY,2011,255209.26,258583.3,-1.3%
NY,2012,255347.52,255209.26,0.05%
NY,2013,262186.21,255347.52,2.68%
NY,2014,277965.67,262186.21,6.02%
NY,2015,289893.18,277965.67,4.29%
NY,2016,303078.17,289893.18,4.55%
NY,2017,315040.25,303078.17,3.95%
NY,2018,326591.22,315040.25,3.67%
NY,2019,336823.23,326591.22,3.13%
NY,2020,344920.73,336823.23,2.4%
NY,2021,382793.57,344920.73,10.98%
NY,2022,421966.94,382793.57,10.23%
NY,2023,427333.69,421966.94,1.27%
NY,2024,448991.38,427333.69,5.07%
NY,2025,463101.15,448991.38,3.14%
OH,2001,114548.08,109572.42,4.54%
OH,2002,118653.71,114548.08,3.58%
OH,2003,122748.02,118653.71,3.45%
OH,2004,127463.99,122748.02,3.84%
OH,2005,131281.31,127463.99,2.99%
OH,2006,133499.8,131281.31,1.69%
OH,2007,132863.95,133499.8,-0.48%
OH,2008,129488.86,132863.95,-2.54%
OH,2009,121262.86,129488.86,-6.35%
OH,2010,118414.73,121262.86,-2.35%
OH,2011,113522.66,118414.73,-4.13%
OH,2012,111818.81,113522.66,-1.5%
OH,2013,115379.32,111818.81,3.18%
OH,2014,120031.85,115379.32,4.03%
OH,2015,125972.1,120031.85,4.95%
OH,2016,130976.97,125972.1,3.97%
OH,2017,136095.05,130976.97,3.91%
OH,2018,143776.55,136095.05,5.64%
OH,2019,152066.01,143776.55,5.77%
OH,2020,163090.06,152066.01,7.25%
OH,2021,186816.86,163090.06,14.55%
OH,2022,205836.19,186816.86,10.18%
OH,2023,213806.26,205836.19,3.87%
OH,2024,225968.13,213806.26,5.69%
OH,2025,233600.47,225968.13,3.38%
OK,2001,78742.95,74880.99,5.16%
OK,2002,81698.33,78742.95,3.75%
OK,2003,84341.53,81698.33,3.24%
OK,2004,87300.36,84341.53,3.51%
OK,2005,91175.65,87300.36,4.44%
OK,2006,95267.96,91175.65,4.49%
OK,2007,99047.04,95267.96,3.97%
OK,2008,100496.63,99047.04,1.46%
OK,2009,97630.27,100496.63,-2.85%
OK,2010,97146.12,97630.27,-0.5%
OK,2011,95170.31,97146.12,-2.03%
OK,2012,95486.52,95170.31,0.33%
OK,2013,98945.26,95486.52,3.62%
OK,2014,102809.64,98945.26,3.91%
OK,2015,107711.22,102809.64,4.77%
OK,2016,109426.73,107711.22,1.59%
OK,2017,111225.86,109426.73,1.64%
OK,2018,116066.89,111225.86,4.35%
OK,2019,121576.9,116066.89,4.75%
OK,2020,130988.86,121576.9,7.74%
OK,2021,150731.48,130988.86,15.07%
OK,2022,171944.05,150731.48,14.07%
OK,2023,176152.42,171944.05,2.45%
OK,2024,181281.21,176152.42,2.91%
OK,2025,184738.92,181281.21,1.91%
OR,2001,165961.9,158988.13,4.39%
OR,2002,172423.31,165961.9,3.89%
OR,2003,180774.43,172423.31,4.84%
OR,2004,196615.7,180774.43,8.76%
OR,2005,224808.28,196615.7,14.34%
OR,2006,264137.93,224808.28,17.49%
OR,2007,283532.72,264137.93,7.34%
OR,2008,268908.24,283532.72,-5.16%
OR,2009,239673.0,268908.24,-10.87%
OR,2010,223289.98,239673.0,-6.84%
OR,2011,205360.88,223289.98,-8.03%
OR,2012,200722.38,205360.88,-2.26%
OR,2013,214178.62,200722.38,6.7%
OR,2014,230270.61,214178.62,7.51%
OR,2015,248568.32,230270.61,7.95%
OR,2016,272586.7,248568.32,9.66%
OR,2017,295753.32,272586.7,8.5%
OR,2018,316853.89,295753.32,7.13%
OR,2019,331635.34,316853.89,4.67%
OR,2020,354797.87,331635.34,6.98%
OR,2021,420536.29,354797.87,18.53%
OR,2022,471130.5,420536.29,12.03%
OR,2023,464099.23,471130.5,-1.49%
OR,2024,470976.32,464099.23,1.48%
OR,2025,475376.7,470976.32,0.93%
PA,2001,125294.8,118298.56,5.91%
PA,2002,135159.59,125294.8,7.87%
PA,2003,147378.68,135159.59,9.04%
PA,2004,160851.58,147378.68,9.14%
PA,2005,175745.32,160851.58,9.26%
PA,2006,190295.36,175745.32,8.28%
PA,2007,196209.0,190295.36,3.11%
PA,2008,194304.81,196209.0,-0.97%
PA,2009,177536.72,194304.81,-8.63%
PA,2010,175253.62,177536.72,-1.29%
PA,2011,168898.97,175253.62,-3.63%
PA,2012,166351.57,168898.97,-1.51%
PA,2013,165492.93,166351.57,-0.52%
PA,2014,168832.72,165492.93,2.02%
PA,2015,171170.79,168832.72,1.38%
PA,2016,173541.99,171170.79,1.39%
PA,2017,178432.52,173541.99,2.82%
PA,2018,185634.35,178432.52,4.04%
PA,2019,190984.57,185634.35,2.88%
PA,2020,201911.6,190984.57,5.72%
PA,2021,228507.69,201911.6,13.17%
PA,2022,247818.49,228507.69,8.45%
PA,2023,252139.73,247818.49,1.74%
PA,2024,262619.53,252139.73,4.16%
PA,2025,269683.78,262619.53,2.69%
RI,2001,168093.07,150378.85,11.78%
RI,2002,196036.72,168093.07,16.62%
RI,2003,236031.19,196036.72,20.4%
RI,2004,276751.01,236031.19,17.25%
RI,2005,314726.18,276751.01,13.72%
RI,2006,332701.31,314726.18,5.71%
RI,2007,319490.09,332701.31,-3.97%
RI,2008,297820.04,319490.09,-6.78%
RI,2009,262513.07,297820.04,-11.86%
RI,2010,259367.01,262513.07,-1.2%
RI,2011,247431.0,259367.01,-4.6%
RI,2012,240944.71,247431.0,-2.62%
RI,2013,248865.46,240944.71,3.29%
RI,2014,260728.68,248865.46,4.77%
RI,2015,269198.51,260728.68,3.25%
RI,2016,283562.3,269198.51,5.34%
RI,2017,302390.57,283562.3,6.64%
RI,2018,323103.49,302390.57,6.85%
RI,2019,335220.14,323103.49,3.75%
RI,2020,356143.81,335220.14,6.24%
RI,2021,418586.39,356143.81,17.53%
RI,2022,474046.3,418586.39,13.25%
RI,2023,497432.45,474046.3,4.93%
RI,2024,536405.75,497432.45,7.83%
RI,2025,558445.81,536405.75,4.11%
SC,2001,132885.97,124393.07,6.83%
SC,2002,133894.59,132885.97,0.76%
SC,2003,133027.45,133894.59,-0.65%
SC,2004,136705.23,133027.45,2.76%
SC,2005,145670.09,136705.23,6.56%
SC,2006,161354.12,145670.09,10.77%
SC,2007,168970.88,161354.12,4.72%
SC,2008,166463.25,168970.88,-1.48%
SC,2009,152311.44,166463.25,-8.5%
SC,2010,145571.62,152311.44,-4.43%
SC,2011,137155.59,145571.62,-5.78%
SC,2012,136188.04,137155.59,-0.71%
SC,2013,139635.62,136188.04,2.53%
SC,2014,145117.53,139635.62,3.93%
SC,2015,151737.32,145117.53,4.56%
SC,2016,159928.94,151737.32,5.4%
SC,2017,165394.77,159928.94,3.42%
SC,2018,176816.87,165394.77,6.91%
SC,2019,185168.69,176816.87,4.72%
SC,2020,197527.01,185168.69,6.67%
SC,2021,230061.43,197527.01,16.47%
SC,2022,267264.85,230061.43,16.17%
SC,2023,273091.4,267264.85,2.18%
SC,2024,283592.45,273091.4,3.85%
SC,2025,285629.63,283592.45,0.72%
SD,2007,143802.57,141047.43,1.95%
SD,2008,161181.9,143802.57,12.09%
SD,2009,157971.66,161181.9,-1.99%
SD,2010,156250.13,157971.66,-1.09%
SD,2011,150960.41,156250.13,-3.39%
SD,2012,158379.56,150960.41,4.91%
SD,2013,166730.79,158379.56,5.27%
SD,2014,171800.45,166730.79,3.04%
SD,2015,179372.02,171800.45,4.41%
SD,2016,174190.99,179372.02,-2.89%
SD,2017,181645.66,174190.99,4.28%
SD,2018,191851.77,181645.66,5.62%
SD,2019,201106.61,191851.77,4.82%
SD,2020,212013.17,201106.61,5.42%
SD,2021,243036.79,212013.17,14.63%
SD,2022,286744.69,243036.79,17.98%
SD,2023,292808.32,286744.69,2.11%
SD,2024,298242.43,292808.32,1.86%
SD,2025,306295.07,298242.43,2.7%
TN,2001,101518.53,97575.98,4.04%
TN,2002,104182.83,101518.53,2.62%
TN,2003,107443.48,104182.83,3.13%
TN,2004,111873.16,107443.48,4.12%
TN,2005,119173.18,111873.16,6.53%
TN,2006,128402.13,119173.18,7.74%
TN,2007,135080.64,128402.13,5.2%
TN,2008,134994.14,135080.64,-0.06%
TN,2009,130627.76,134994.14,-3.23%
TN,2010,128047.46,130627.76,-1.98%
TN,2011,124737.49,128047.46,-2.58%
TN,2012,125288.36,124737.49,0.44%
TN,2013,129159.91,125288.36,3.09%
TN,2014,135342.01,129159.91,4.79%
TN,2015,143108.46,135342.01,5.74%
TN,2016,153505.79,143108.46,7.27%
TN,2017,164796.13,153505.79,7.35%
TN,2018,175698.74,164796.13,6.62%
TN,2019,188808.94,175698.74,7.46%
TN,2020,204785.04,188808.94,8.46%
TN,2021,238701.8,204785.04,16.56%
TN,2022,273518.1,238701.8,14.59%
TN,2023,279361.71,273518.1,2.14%
TN,2024,292103.2,279361.71,4.56%
TN,2025,296473.79,292103.2,1.5%
TX,2001,138982.48,138706.67,0.2%
TX,2002,141603.73,138982.48,1.89%
TX,2003,144568.38,141603.73,2.09%
TX,2004,150874.85,144568.38,4.36%
TX,2005,156828.44,150874.85,3.95%
TX,2006,162965.43,156828.44,3.91%
TX,2007,166887.24,162965.43,2.41%
TX,2008,166411.89,166887.24,-0.28%
TX,2009,152489.67,166411.89,-8.37%
TX,2010,150525.99,152489.67,-1.29%
TX,2011,146383.3,150525.99,-2.75%
TX,2012,146588.11,146383.3,0.14%
TX,2013,154441.2,146588.11,5.36%
TX,2014,166777.11,154441.2,7.99%
TX,2015,180191.9,166777.11,8.04%
TX,2016,190495.99,180191.9,5.72%
TX,2017,200536.28,190495.99,5.27%
TX,2018,211359.0,200536.28,5.4%
TX,2019,220525.72,211359.0,4.34%
TX,2020,234140.75,220525.72,6.17%
TX,2021,270427.53,234140.75,15.5%
TX,2022,307503.9,270427.53,13.71%
TX,2023,303715.16,307503.9,-1.23%
TX,2024,303982.36,303715.16,0.09%
TX,2025,302470.65,303982.36,-0.5%
UT,2001,193854.94,188563.19,2.81%
UT,2002,195253.46,193854.94,0.72%
UT,2003,194625.04,195253.46,-0.32%
UT,2004,197567.27,194625.04,1.51%
UT,2005,199379.25,197567.27,0.92%
UT,2006,230647.05,199379.25,15.68%
UT,2007,266834.68,230647.05,15.69%
UT,2008,260354.91,266834.68,-2.43%
UT,2009,230490.86,260354.91,-11.47%
UT,2010,215824.47,230490.86,-6.36%
UT,2011,202675.64,215824.47,-6.09%
UT,2012,199958.98,202675.64,-1.34%
UT,2013,219423.99,199958.98,9.73%
UT,2014,234280.21,219423.99,6.77%
UT,2015,248718.9,234280.21,6.16%
UT,2016,267608.13,248718.9,7.59%
UT,2017,290486.19,267608.13,8.55%
UT,2018,318790.83,290486.19,9.74%
UT,2019,343882.7,318790.83,7.87%
UT,2020,375151.13,343882.7,9.09%
UT,2021,463594.37,375151.13,23.58%
UT,2022,532858.42,463594.37,14.94%
UT,2023,518619.59,532858.42,-2.67%
UT,2024,519080.53,518619.59,0.09%
UT,2025,531604.72,519080.53,2.41%
VA,2001,179766.1,163488.85,9.96%
VA,2002,196528.49,179766.1,9.32%
VA,2003,214800.72,196528.49,9.3%
VA,2004,246696.57,214800.72,14.85%
VA,2005,296063.82,246696.57,20.01%
VA,2006,324769.03,296063.82,9.7%
VA,2007,318058.35,324769.03,-2.07%
VA,2008,292507.7,318058.35,-8.03%
VA,2009,242875.85,292507.7,-16.97%
VA,2010,237358.49,242875.85,-2.27%
VA,2011,225133.44,237358.49,-5.15%
VA,2012,219083.96,225133.44,-2.69%
VA,2013,227863.04,219083.96,4.01%
VA,2014,233290.47,227863.04,2.38%
VA,2015,237432.96,233290.47,1.78%
VA,2016,239725.84,237432.96,0.97%
VA,2017,246007.17,239725.84,2.62%
VA,2018,254234.87,246007.17,3.34%
VA,2019,262021.68,254234.87,3.06%
VA,2020,276343.11,262021.68,5.47%
VA,2021,312384.69,276343.11,13.04%
VA,2022,340269.98,312384.69,8.93%
VA,2023,350585.61,340269.98,3.03%
VA,2024,366239.46,350585.61,4.47%
VA,2025,375233.77,366239.46,2.46%
VT,2001,137337.31,127677.43,7.57%
VT,2002,148354.68,137337.31,8.02%
VT,2003,157944.2,148354.68,6.46%
VT,2004,177776.9,157944.2,12.56%
VT,2005,200275.9,177776.9,12.66%
VT,2006,218151.08,200275.9,8.93%
VT,2007,228589.02,218151.08,4.78%
VT,2008,230695.18,228589.02,0.92%
VT,2009,226024.7,230695.18,-2.02%
VT,2010,223233.12,226024.7,-1.24%
VT,2011,220391.35,223233.12,-1.27%
VT,2012,225172.48,220391.35,2.17%
VT,2013,232996.23,225172.48,3.47%
VT,2014,237706.05,232996.23,2.02%
VT,2015,242554.34,237706.05,2.04%
VT,2016,245537.36,242554.34,1.23%
VT,2017,256243.95,245537.36,4.36%
VT,2018,267351.8,256243.95,4.33%
VT,2019,273782.25,267351.8,2.41%
VT,2020,289595.4,273782.25,5.78%
VT,2021,334837.71,289595.4,15.62%
VT,2022,381361.6,334837.71,13.89%
VT,2023,398773.94,381361.6,4.57%
VT,2024,406413.77,398773.94,1.92%
VT,2025,398888.47,406413.77,-1.85%
WA,2001,209009.91,198960.8,5.05%
WA,2002,214944.59,209009.91,2.84%
WA,2003,223663.26,214944.59,4.06%
WA,2004,242464.83,223663.26,8.41%
WA,2005,276526.34,242464.83,14.05%
WA,2006,321151.95,276526.34,16.14%
WA,2007,337674.04,321151.95,5.14%
WA,2008,320501.31,337674.04,-5.09%
WA,2009,273340.71,320501.31,-14.71%
WA,2010,258029.99,273340.71,-5.6%
WA,2011,237945.19,258029.99,-7.78%
WA,2012,224646.18,237945.19,-5.59%
WA,2013,237537.28,224646.18,5.74%
WA,2014,253551.36,237537.28,6.74%
WA,2015,272791.56,253551.36,7.59%
WA,2016,300588.56,272791.56,10.19%
WA,2017,329927.1,300588.56,9.76%
WA,2018,365769.72,329927.1,10.86%
WA,2019,383535.16,365769.72,4.86%
WA,2020,417382.77,383535.16,8.83%
WA,2021,501038.9,417382.77,20.04%
WA,2022,576375.12,501038.9,15.04%
WA,2023,556893.8,576375.12,-3.38%
WA,2024,575586.04,556893.8,3.36%
WA,2025,585027.05,575586.04,1.64%
WI,2001,154114.21,149830.66,2.86%
WI,2002,161818.83,154114.21,5.0%
WI,2003,171631.47,161818.83,6.06%
WI,2004,194914.54,171631.47,13.57%
WI,2005,204324.68,194914.54,4.83%
WI,2006,206917.78,204324.68,1.27%
WI,2007,208992.14,206917.78,1.0%
WI,2008,203881.34,208992.14,-2.45%
WI,2009,172721.09,203881.34,-15.28%
WI,2010,167305.76,172721.09,-3.14%
WI,2011,158699.48,167305.76,-5.14%
WI,2012,154304.18,158699.48,-2.77%
WI,2013,159169.32,154304.18,3.15%
WI,2014,166030.04,159169.32,4.31%
WI,2015,171794.64,166030.04,3.47%
WI,2016,178438.82,171794.64,3.87%
WI,2017,187245.97,178438.82,4.94%
WI,2018,198417.08,187245.97,5.97%
WI,2019,210036.87,198417.08,5.86%
WI,2020,223884.21,210036.87,6.59%
WI,2021,252602.41,223884.21,12.83%
WI,2022,278295.29,252602.41,10.17%
WI,2023,293653.82,278295.29,5.52%
WI,2024,307190.06,293653.82,4.61%
WI,2025,319477.37,307190.06,4.0%
WV,2001,85792.4,81361.59,5.45%
WV,2002,88815.41,85792.4,3.52%
WV,2003,90741.55,88815.41,2.17%
WV,2004,95201.38,90741.55,4.91%
WV,2005,103481.6,95201.38,8.7%
WV,2006,109932.91,103481.6,6.23%
WV,2007,112901.29,109932.91,2.7%
WV,2008,117129.37,112901.29,3.74%
WV,2009,113466.69,117129.37,-3.13%
WV,2010,110976.77,113466.69,-2.19%
WV,2011,109124.82,110976.77,-1.67%
WV,2012,110195.22,109124.82,0.98%
WV,2013,111125.61,110195.22,0.84%
WV,2014,112518.8,111125.61,1.25%
WV,2015,115449.04,112518.8,2.6%
WV,2016,117766.46,115449.04,2.01%
WV,2017,119172.53,117766.46,1.19%
WV,2018,123891.29,119172.53,3.96%
WV,2019,107169.59,123891.29,-13.5%
WV,2020,112912.5,107169.59,5.36%
WV,2021,130702.47,112912.5,15.76%
WV,2022,143951.19,130702.47,10.14%
WV,2023,145223.04,143951.19,0.88%
WV,2024,152862.39,145223.04,5.26%
WV,2025,157170.43,152862.39,2.82%
WY,2003,143397.6,139063.2,3.12%
WY,2004,152451.2,143397.6,6.31%
WY,2005,164946.0,152451.2,8.2%
WY,2006,172534.8,164946.0,4.6%
WY,2007,184815.0,172534.8,7.12%
WY,2008,183943.6,184815.0,-0.47%
WY,2009,223426.1,183943.6,21.46%
WY,2010,215377.34,223426.1,-3.6%
WY,2011,209471.69,215377.34,-2.74%
WY,2012,206069.45,209471.69,-1.62%
WY,2013,214158.57,206069.45,3.93%
WY,2014,220040.0,214158.57,2.75%
WY,2015,248814.41,220040.0,13.08%
WY,2016,270297.87,248814.41,8.63%
WY,2017,278083.12,270297.87,2.88%
WY,2018,281130.32,278083.12,1.1%
WY,2019,283557.3,281130.32,0.86%
WY,2020,299643.91,283557.3,5.67%
WY,2021,343995.27,299643.91,14.8%
WY,2022,399496.53,343995.27,16.13%
WY,2023,422239.01,399496.53,5.69%
WY,2024,445250.13,422239.01,5.45%
WY,2025,460255.85,445250.13,3.37%
