"state","year","state_avg_rent"
"AK",2015,"1260.34"
"AK",2016,"1246.29"
"AK",2017,"1230.30"
"AK",2018,"1237.07"
"AK",2019,"1251.54"
"AK",2020,"1278.90"
"AK",2021,"1418.34"
"AK",2022,"1532.42"
"AK",2023,"1625.31"
"AK",2024,"1690.21"
"AK",2025,"1859.65"
"AL",2015,"849.47"
"AL",2016,"899.00"
"AL",2017,"927.94"
"AL",2018,"958.85"
"AL",2019,"1000.59"
"AL",2020,"1014.38"
"AL",2021,"1121.89"
"AL",2022,"1212.15"
"AL",2023,"1245.98"
"AL",2024,"1296.23"
"AL",2025,"1345.13"
"AR",2015,"776.91"
"AR",2016,"808.71"
"AR",2017,"830.14"
"AR",2018,"847.57"
"AR",2019,"872.85"
"AR",2020,"907.51"
"AR",2021,"1000.87"
"AR",2022,"1089.28"
"AR",2023,"1128.49"
"AR",2024,"1121.36"
"AR",2025,"1100.05"
"AZ",2015,"899.78"
"AZ",2016,"944.76"
"AZ",2017,"1003.14"
"AZ",2018,"1146.15"
"AZ",2019,"1214.54"
"AZ",2020,"1293.56"
"AZ",2021,"1405.84"
"AZ",2022,"1555.09"
"AZ",2023,"1604.31"
"AZ",2024,"1641.05"
"AZ",2025,"1664.82"
"CA",2015,"1466.90"
"CA",2016,"1582.01"
"CA",2017,"1672.85"
"CA",2018,"1763.97"
"CA",2019,"1841.38"
"CA",2020,"1903.64"
"CA",2021,"2050.74"
"CA",2022,"2197.60"
"CA",2023,"2215.29"
"CA",2024,"2275.46"
"CA",2025,"2302.30"
"CO",2015,"1122.28"
"CO",2016,"1336.09"
"CO",2017,"1409.33"
"CO",2018,"1489.85"
"CO",2019,"1568.81"
"CO",2020,"1637.69"
"CO",2021,"1796.49"
"CO",2022,"2026.43"
"CO",2023,"2133.12"
"CO",2024,"2327.82"
"CO",2025,"2467.36"
"CT",2015,"1207.78"
"CT",2016,"1236.84"
"CT",2017,"1271.06"
"CT",2018,"1311.25"
"CT",2019,"1354.90"
"CT",2020,"1432.91"
"CT",2021,"1581.63"
"CT",2022,"1746.34"
"CT",2023,"1874.73"
"CT",2024,"2008.43"
"CT",2025,"2108.91"
"DE",2015,"1088.53"
"DE",2016,"1113.43"
"DE",2017,"1135.81"
"DE",2018,"1170.82"
"DE",2019,"1209.39"
"DE",2020,"1267.06"
"DE",2021,"1445.76"
"DE",2022,"1592.52"
"DE",2023,"1671.92"
"DE",2024,"1738.62"
"DE",2025,"1798.86"
"FL",2015,"1077.99"
"FL",2016,"1119.71"
"FL",2017,"1210.34"
"FL",2018,"1270.68"
"FL",2019,"1342.36"
"FL",2020,"1398.62"
"FL",2021,"1613.26"
"FL",2022,"1881.35"
"FL",2023,"1910.52"
"FL",2024,"1938.52"
"FL",2025,"1965.40"
"GA",2015,"907.08"
"GA",2016,"913.95"
"GA",2017,"924.77"
"GA",2018,"968.55"
"GA",2019,"1018.75"
"GA",2020,"1067.55"
"GA",2021,"1195.79"
"GA",2022,"1366.01"
"GA",2023,"1428.56"
"GA",2024,"1475.34"
"GA",2025,"1457.89"
"HI",2015,"1999.52"
"HI",2016,"2038.57"
"HI",2017,"2081.00"
"HI",2018,"2118.15"
"HI",2019,"2168.78"
"HI",2020,"2192.65"
"HI",2021,"2299.81"
"HI",2022,"2540.88"
"HI",2023,"2682.31"
"HI",2024,"2854.28"
"HI",2025,"2922.03"
"IA",2015,"977.62"
"IA",2016,"904.85"
"IA",2017,"912.16"
"IA",2018,"924.04"
"IA",2019,"941.58"
"IA",2020,"961.85"
"IA",2021,"968.23"
"IA",2022,"1014.52"
"IA",2023,"1067.38"
"IA",2024,"1093.33"
"IA",2025,"1028.88"
"ID",2015,"789.81"
"ID",2016,"835.07"
"ID",2017,"939.38"
"ID",2018,"1009.58"
"ID",2019,"1082.55"
"ID",2020,"1169.12"
"ID",2021,"1305.97"
"ID",2022,"1358.84"
"ID",2023,"1377.15"
"ID",2024,"1384.49"
"ID",2025,"1603.84"
"IL",2015,"881.24"
"IL",2016,"861.91"
"IL",2017,"842.18"
"IL",2018,"860.19"
"IL",2019,"886.98"
"IL",2020,"915.63"
"IL",2021,"972.17"
"IL",2022,"1025.78"
"IL",2023,"1073.93"
"IL",2024,"1114.61"
"IL",2025,"1090.62"
"IN",2015,"807.05"
"IN",2016,"827.36"
"IN",2017,"787.68"
"IN",2018,"833.54"
"IN",2019,"869.63"
"IN",2020,"907.69"
"IN",2021,"951.18"
"IN",2022,"1027.52"
"IN",2023,"1091.11"
"IN",2024,"1137.76"
"IN",2025,"1095.96"
"KS",2015,"815.31"
"KS",2016,"849.63"
"KS",2017,"801.41"
"KS",2018,"818.62"
"KS",2019,"838.97"
"KS",2020,"866.46"
"KS",2021,"912.79"
"KS",2022,"989.69"
"KS",2023,"1043.22"
"KS",2024,"1100.84"
"KS",2025,"1030.46"
"KY",2015,"849.70"
"KY",2016,"883.94"
"KY",2017,"927.97"
"KY",2018,"944.27"
"KY",2019,"915.60"
"KY",2020,"901.26"
"KY",2021,"965.48"
"KY",2022,"1070.70"
"KY",2023,"1156.98"
"KY",2024,"1207.80"
"KY",2025,"1177.74"
"LA",2015,"1055.76"
"LA",2016,"1018.46"
"LA",2017,"1040.35"
"LA",2018,"1050.89"
"LA",2019,"1056.95"
"LA",2020,"1073.93"
"LA",2021,"1129.81"
"LA",2022,"1148.29"
"LA",2023,"1146.77"
"LA",2024,"1176.37"
"LA",2025,"1191.74"
"MA",2015,"1383.16"
"MA",2016,"1440.54"
"MA",2017,"1497.25"
"MA",2018,"1562.42"
"MA",2019,"1617.05"
"MA",2020,"1700.92"
"MA",2021,"1711.79"
"MA",2022,"1892.43"
"MA",2023,"2038.48"
"MA",2024,"2145.69"
"MA",2025,"2239.83"
"MD",2015,"1130.85"
"MD",2016,"1148.76"
"MD",2017,"1174.64"
"MD",2018,"1204.30"
"MD",2019,"1238.24"
"MD",2020,"1289.36"
"MD",2021,"1419.89"
"MD",2022,"1537.29"
"MD",2023,"1411.97"
"MD",2024,"1489.90"
"MD",2025,"1663.09"
"ME",2015,"1251.48"
"ME",2016,"1050.17"
"ME",2017,"1033.40"
"ME",2018,"1080.50"
"ME",2019,"1132.87"
"ME",2020,"1209.07"
"ME",2021,"1349.90"
"ME",2022,"1458.36"
"ME",2023,"1543.25"
"ME",2024,"1633.37"
"ME",2025,"1710.67"
"MI",2015,"880.47"
"MI",2016,"875.96"
"MI",2017,"920.97"
"MI",2018,"976.23"
"MI",2019,"1018.22"
"MI",2020,"1060.19"
"MI",2021,"1104.18"
"MI",2022,"1216.10"
"MI",2023,"1237.72"
"MI",2024,"1293.40"
"MI",2025,"1349.28"
"MN",2015,"976.58"
"MN",2016,"1004.99"
"MN",2017,"996.93"
"MN",2018,"1026.18"
"MN",2019,"1061.68"
"MN",2020,"1090.75"
"MN",2021,"1140.34"
"MN",2022,"1156.36"
"MN",2023,"1125.18"
"MN",2024,"1191.52"
"MN",2025,"1186.51"
"MO",2015,"801.56"
"MO",2016,"822.14"
"MO",2017,"846.97"
"MO",2018,"849.19"
"MO",2019,"882.26"
"MO",2020,"922.74"
"MO",2021,"955.38"
"MO",2022,"1006.94"
"MO",2023,"1004.54"
"MO",2024,"1055.96"
"MO",2025,"1098.65"
"MS",2015,"818.55"
"MS",2016,"927.58"
"MS",2017,"945.78"
"MS",2018,"973.62"
"MS",2019,"1002.11"
"MS",2020,"1050.84"
"MS",2021,"1134.90"
"MS",2022,"1208.62"
"MS",2023,"1273.84"
"MS",2024,"1355.82"
"MS",2025,"1362.02"
"MT",2015,"812.48"
"MT",2016,"832.63"
"MT",2017,"812.49"
"MT",2018,"827.19"
"MT",2019,"858.22"
"MT",2020,"904.00"
"MT",2021,"1238.44"
"MT",2022,"1525.41"
"MT",2023,"1513.59"
"MT",2024,"1565.95"
"MT",2025,"1607.88"
"NC",2015,"940.86"
"NC",2016,"968.97"
"NC",2017,"1004.86"
"NC",2018,"1049.96"
"NC",2019,"1105.16"
"NC",2020,"1156.45"
"NC",2021,"1287.38"
"NC",2022,"1422.57"
"NC",2023,"1454.06"
"NC",2024,"1483.94"
"NC",2025,"1505.73"
"ND",2016,"871.82"
"ND",2017,"941.95"
"ND",2018,"953.31"
"ND",2019,"973.24"
"ND",2020,"913.81"
"ND",2021,"942.97"
"ND",2022,"999.32"
"ND",2023,"1089.62"
"ND",2024,"1115.05"
"ND",2025,"1173.57"
"NE",2015,"867.65"
"NE",2016,"859.84"
"NE",2017,"887.38"
"NE",2018,"916.93"
"NE",2019,"945.00"
"NE",2020,"982.36"
"NE",2021,"928.13"
"NE",2022,"1002.49"
"NE",2023,"1070.82"
"NE",2024,"1187.00"
"NE",2025,"1207.87"
"NH",2015,"1055.99"
"NH",2016,"1088.52"
"NH",2017,"1145.91"
"NH",2018,"1207.10"
"NH",2019,"1270.05"
"NH",2020,"1357.95"
"NH",2021,"1500.38"
"NH",2022,"1646.62"
"NH",2023,"1759.54"
"NH",2024,"1860.00"
"NH",2025,"1940.25"
"NJ",2015,"1281.94"
"NJ",2016,"1313.89"
"NJ",2017,"1343.68"
"NJ",2018,"1388.76"
"NJ",2019,"1429.25"
"NJ",2020,"1491.61"
"NJ",2021,"1655.85"
"NJ",2022,"1894.30"
"NJ",2023,"1913.54"
"NJ",2024,"2002.57"
"NJ",2025,"2032.08"
"NM",2015,"856.39"
"NM",2016,"936.50"
"NM",2017,"988.33"
"NM",2018,"1033.64"
"NM",2019,"1102.46"
"NM",2020,"1156.41"
"NM",2021,"1292.95"
"NM",2022,"1324.24"
"NM",2023,"1300.65"
"NM",2024,"1628.76"
"NM",2025,"1720.75"
"NV",2015,"1013.59"
"NV",2016,"1076.86"
"NV",2017,"1161.89"
"NV",2018,"1265.87"
"NV",2019,"1343.68"
"NV",2020,"1401.52"
"NV",2021,"1549.61"
"NV",2022,"1626.16"
"NV",2023,"1754.39"
"NV",2024,"1762.72"
"NV",2025,"1754.05"
"NY",2015,"1255.84"
"NY",2016,"1213.64"
"NY",2017,"1256.83"
"NY",2018,"1258.71"
"NY",2019,"1335.48"
"NY",2020,"1395.79"
"NY",2021,"1465.78"
"NY",2022,"1611.91"
"NY",2023,"1659.87"
"NY",2024,"1596.64"
"NY",2025,"1577.65"
"OH",2015,"764.17"
"OH",2016,"781.41"
"OH",2017,"808.42"
"OH",2018,"827.76"
"OH",2019,"859.05"
"OH",2020,"897.82"
"OH",2021,"968.52"
"OH",2022,"1020.57"
"OH",2023,"1049.05"
"OH",2024,"1095.89"
"OH",2025,"1159.71"
"OK",2015,"824.47"
"OK",2016,"831.53"
"OK",2017,"841.43"
"OK",2018,"859.72"
"OK",2019,"883.39"
"OK",2020,"943.21"
"OK",2021,"1019.48"
"OK",2022,"1017.28"
"OK",2023,"1055.77"
"OK",2024,"1132.42"
"OK",2025,"1110.22"
"OR",2015,"1058.71"
"OR",2016,"1145.01"
"OR",2017,"1217.18"
"OR",2018,"1272.10"
"OR",2019,"1331.58"
"OR",2020,"1392.47"
"OR",2021,"1512.29"
"OR",2022,"1556.93"
"OR",2023,"1603.50"
"OR",2024,"1592.04"
"OR",2025,"1679.06"
"PA",2015,"897.92"
"PA",2016,"898.59"
"PA",2017,"927.94"
"PA",2018,"931.45"
"PA",2019,"996.62"
"PA",2020,"1035.40"
"PA",2021,"1120.59"
"PA",2022,"1200.79"
"PA",2023,"1188.12"
"PA",2024,"1228.73"
"PA",2025,"1236.20"
"RI",2015,"1114.10"
"RI",2016,"1171.11"
"RI",2017,"1230.72"
"RI",2018,"1303.05"
"RI",2019,"1370.61"
"RI",2020,"1446.68"
"RI",2021,"1607.13"
"RI",2022,"1795.59"
"RI",2023,"1927.36"
"RI",2024,"2050.77"
"RI",2025,"2153.26"
"SC",2015,"971.86"
"SC",2016,"1010.05"
"SC",2017,"1054.88"
"SC",2018,"1102.27"
"SC",2019,"1110.58"
"SC",2020,"1154.32"
"SC",2021,"1275.99"
"SC",2022,"1429.55"
"SC",2023,"1470.12"
"SC",2024,"1469.94"
"SC",2025,"1525.55"
"SD",2016,"861.87"
"SD",2017,"900.89"
"SD",2018,"920.38"
"SD",2019,"935.75"
"SD",2020,"967.92"
"SD",2021,"1059.55"
"SD",2022,"1135.85"
"SD",2023,"1173.11"
"SD",2024,"1225.84"
"SD",2025,"1221.99"
"TN",2015,"923.98"
"TN",2016,"926.67"
"TN",2017,"958.64"
"TN",2018,"996.18"
"TN",2019,"1044.13"
"TN",2020,"1087.72"
"TN",2021,"1165.84"
"TN",2022,"1304.37"
"TN",2023,"1353.15"
"TN",2024,"1414.09"
"TN",2025,"1436.99"
"TX",2015,"971.47"
"TX",2016,"994.25"
"TX",2017,"1029.59"
"TX",2018,"1076.05"
"TX",2019,"1114.84"
"TX",2020,"1128.88"
"TX",2021,"1194.52"
"TX",2022,"1306.04"
"TX",2023,"1340.11"
"TX",2024,"1345.11"
"TX",2025,"1387.16"
"UT",2015,"998.27"
"UT",2016,"1054.74"
"UT",2017,"1122.63"
"UT",2018,"1189.38"
"UT",2019,"1439.27"
"UT",2020,"1511.93"
"UT",2021,"1741.91"
"UT",2022,"1780.75"
"UT",2023,"1821.21"
"UT",2024,"1857.31"
"UT",2025,"1830.97"
"VA",2015,"1075.27"
"VA",2016,"1104.87"
"VA",2017,"1142.63"
"VA",2018,"1138.64"
"VA",2019,"1183.37"
"VA",2020,"1233.12"
"VA",2021,"1332.49"
"VA",2022,"1476.94"
"VA",2023,"1437.28"
"VA",2024,"1511.48"
"VA",2025,"1514.34"
"VT",2016,"1644.93"
"VT",2017,"1716.74"
"VT",2018,"1774.80"
"VT",2019,"1817.07"
"VT",2020,"1870.69"
"VT",2021,"1996.01"
"VT",2022,"2228.59"
"VT",2023,"2396.75"
"VT",2024,"1965.33"
"VT",2025,"1746.20"
"WA",2015,"1045.69"
"WA",2016,"1121.69"
"WA",2017,"1212.47"
"WA",2018,"1299.90"
"WA",2019,"1366.98"
"WA",2020,"1437.46"
"WA",2021,"1592.96"
"WA",2022,"1567.16"
"WA",2023,"1618.98"
"WA",2024,"1679.84"
"WA",2025,"1729.81"
"WI",2015,"1052.87"
"WI",2016,"931.35"
"WI",2017,"959.25"
"WI",2018,"990.29"
"WI",2019,"1004.89"
"WI",2020,"1045.12"
"WI",2021,"1098.89"
"WI",2022,"1063.06"
"WI",2023,"1134.80"
"WI",2024,"1153.60"
"WI",2025,"1182.63"
"WV",2016,"907.29"
"WV",2017,"927.72"
"WV",2018,"942.75"
"WV",2019,"957.40"
"WV",2020,"985.17"
"WV",2021,"959.51"
"WV",2022,"1016.32"
"WV",2023,"979.30"
"WV",2024,"1006.96"
"WV",2025,"1064.08"
"WY",2015,"942.23"
"WY",2016,"934.05"
"WY",2017,"916.99"
"WY",2018,"932.45"
"WY",2019,"977.49"
"WY",2020,"962.19"
"WY",2021,"1004.51"
"WY",2022,"1093.62"
"WY",2023,"1181.34"
"WY",2024,"1515.80"
"WY",2025,"1566.47"
